{
  "pools": [
    {
      "name": "rftoolsdim:lostcitychest",
      "rolls": {
        "min": 2,
        "max": 4
      },
      "entries": [
        {
          "type": "item",
          "name": "rftools:dimensional_shard",
          "functions": [
            {
              "function": "set_count",
              "count": {
                "min": 10,
                "max": 30
              }
            }
          ],
          "weight": 15
        },
        {
          "type": "item",
          "name": "minecraft:diamond",
          "functions": [
            {
              "function": "set_count",
              "count": {
                "min": 1,
                "max": 5
              }
            }
          ],
          "weight": 5
        },
        {
          "type": "item",
          "name": "minecraft:emerald",
          "functions": [
            {
              "function": "set_count",
              "count": {
                "min": 1,
                "max": 3
              }
            }
          ],
          "weight": 5
        }
      ]
    }
  ]
}