{
  "forge_marker": 1,
  "defaults": {
    "model": "rftools:rftoolsblock",
    "textures": { "front": "rftoolsdim:blocks/machinedimensioneditor" }
  },
  "variants": {
    "normal": [{}],
    "inventory": [{}],
    "facing": {
      "north": {},
      "south": {"y": 180},
      "west": {"y": 270},
      "east": {"y": 90},
      "up": {"x": -90},
      "down": {"x": 90}
    },
    "operationtype": {
      "normal": { "textures": { "front": "rftoolsdim:blocks/machinedimensioneditor" } },
      "empty": { "textures": { "front": "rftoolsdim:blocks/machinedimensioneditor_empty" } },
      "building1": { "textures": { "front": "rftoolsdim:blocks/machinedimensioneditor_busy1" } },
      "building2": { "textures": { "front": "rftoolsdim:blocks/machinedimensioneditor_busy2" } }
    }
  }
}
