{
  // Not yet working!
  "forge_marker": 1,
  "defaults": {
    "model": "rftoolsdim:dimension_monitor"
  },
  "variants": {
    "l0": { "textures": { "txt": "rftoolsdim:items/monitor/dimensionmonitoritemL0" } },
    "l1": { "textures": { "txt": "rftoolsdim:items/monitor/dimensionmonitoritemL1" } },
    "l2": { "textures": { "txt": "rftoolsdim:items/monitor/dimensionmonitoritemL2" } },
    "l3": { "textures": { "txt": "rftoolsdim:items/monitor/dimensionmonitoritemL3" } },
    "l4": { "textures": { "txt": "rftoolsdim:items/monitor/dimensionmonitoritemL4" } },
    "l5": { "textures": { "txt": "rftoolsdim:items/monitor/dimensionmonitoritemL5" } },
    "l6": { "textures": { "txt": "rftoolsdim:items/monitor/dimensionmonitoritemL6" } },
    "l7": { "textures": { "txt": "rftoolsdim:items/monitor/dimensionmonitoritemL7" } },
    "l8": { "textures": { "txt": "rftoolsdim:items/monitor/dimensionmonitoritemL8" } }
  }
}
