[
  {
    "filter": {
      "type": "special",
      "name": "Owner"
    },
    "settings": {
      "rarity": 0,
      "create": 0,
      "maintain": 0,
      "ticks": 0,
      "worldgen": false,
      "dimlet": true
    }
  },
  {
    "filter": {
      "type": "special",
      "name": "Cheater"
    },
    "settings": {
      "rarity": 0,
      "create": 0,
      "maintain": 0,
      "ticks": 0,
      "worldgen": false,
      "dimlet": true
    }
  },
  {
    "filter": {
      "type": "special",
      "name": "NoAnimals"
    },
    "settings": {
      "rarity": 2,
      "create": 5000,
      "maintain": 40,
      "ticks": 10,
      "worldgen": false,
      "dimlet": true
    }
  },
  {
    "filter": {
      "type": "special",
      "name": "Spawn"
    },
    "settings": {
      "rarity": 2,
      "create": 10000,
      "maintain": 300,
      "ticks": 100,
      "worldgen": false,
      "dimlet": true
    }
  },
  {
    "filter": {
      "type": "special",
      "name": "Seed"
    },
    "settings": {
      "rarity": 2,
      "create": 1000,
      "maintain": 0,
      "ticks": 100,
      "worldgen": false,
      "dimlet": true
    }
  },
  {
    "filter": {
      "type": "special",
      "name": "Seed"
    },
    "settings": {
      "rarity": 2,
      "create": 1000,
      "maintain": 0,
      "ticks": 100,
      "worldgen": false,
      "dimlet": true
    }
  },
  {
    "filter": {
      "type": "special",
      "name": "Peaceful"
    },
    "settings": {
      "rarity": 5,
      "create": 50000,
      "maintain": 30000,
      "ticks": 900,
      "worldgen": false,
      "dimlet": true
    }
  },
  {
    "filter": {
      "type": "special",
      "name": "Efficiency"
    },
    "settings": {
      "rarity": 5,
      "create": 100000,
      "maintain": -20,
      "ticks": 900,
      "worldgen": false,
      "dimlet": true
    }
  },
  {
    "filter": {
      "type": "special",
      "name": "MediocreEfficiency"
    },
    "settings": {
      "rarity": 4,
      "create": 100000,
      "maintain": -5,
      "ticks": 400,
      "worldgen": false,
      "dimlet": true
    }
  },
  {
    "filter": {
      "type": "digit"
    },
    "settings": {
      "rarity": 0,
      "create": 0,
      "maintain": 0,
      "ticks": 0,
      "worldgen": false,
      "dimlet": true
    }
  },
  {
    "filter": {
      "type": "material",
      "mod": "tconstruct",
      "name": [ "ore", "metal" ],
      "property": {
        "type": "COBALT"
      }
    },
    "settings": {
      "rarity": 5,
      "create": 80000,
      "maintain": 20000,
      "ticks": 1000,
      "worldgen": true,
      "dimlet": true
    }
  },
  {
    "filter": {
      "type": "material",
      "mod": "tconstruct",
      "name": [ "ore", "metal" ],
      "property": {
        "type": "ARDITE"
      }
    },
    "settings": {
      "rarity": 5,
      "create": 80000,
      "maintain": 20000,
      "ticks": 1000,
      "worldgen": true,
      "dimlet": true
    }
  },
  {
    "filter": {
      "type": "material",
      "mod": "minecraft",
      "name": [ "stone" ]
    },
    "settings": {
      "rarity": 0,
      "create": 5,
      "maintain": 1,
      "ticks": 1,
      "worldgen": true,
      "dimlet": true
    }
  },
  {
    "filter": {
      "type": "material",
      "mod": "tconstruct",
      "name": "metal",
      "property": {
        "type": "KNIGHTSLIME"
      }
    },
    "settings": {
      "worldgen": false,
      "dimlet": false
    }
  },
  {
    "filter": {
      "type": "material",
      "mod": "tconstruct",
      "name": "metal",
      "property": {
        "type": "MANYULLYN"
      }
    },
    "settings": {
      "rarity": 5,
      "create": 80000,
      "maintain": 20000,
      "ticks": 1000,
      "worldgen": true,
      "dimlet": true
    }
  },
  {
    "filter": {
      "type": "material",
      "mod": "tconstruct",
      "name": [ "ore", "metal" ]
    },
    "settings": {
      "rarity": 4,
      "create": 30000,
      "maintain": 10000,
      "ticks": 500,
      "worldgen": true,
      "dimlet": true
    }
  },
  {
    "filter": {
      "type": "material",
      "mod": "biomesoplenty",
      "name": [ "ash_block", "stone", "mud", "dirt", "ash_stone", "crag_rock", "dried_dirt", "hard_dirt", "hard_ice", "hard_sand", "log_0", "log_1", "log_2", "log_3", "planks_0" ]
    },
    "settings": {
      "rarity": 2,
      "create": 100,
      "maintain": 30,
      "ticks": 10,
      "worldgen": true,
      "dimlet": true
    }
  },
  {
    "filter": {
      "type": "material",
      "mod": "biomesoplenty",
      "name": "sand"
    },
    "settings": {
      "rarity": 2,
      "create": 100,
      "maintain": 30,
      "ticks": 10,
      "worldgen": false,
      "dimlet": false
    }
  },
  {
    "filter": {
      "type": "material",
      "mod": "flatcoloredblocks",
      "name": "flatcoloredblock_glowing.*"
    },
    "settings": {
      "rarity": 4,
      "create": 500,
      "maintain": 500,
      "ticks": 100,
      "worldgen": false,
      "dimlet": true
    }
  },
  {
    "filter": {
      "type": "material",
      "mod": "flatcoloredblocks",
      "name": "flatcoloredblock.*"
    },
    "settings": {
      "rarity": 2,
      "create": 100,
      "maintain": 50,
      "ticks": 10,
      "worldgen": false,
      "dimlet": true
    }
  },
  {
    "filter": {
      "type": "material",
      "mod": "biomesoplenty",
      "name": [ "gem_block", "gem_ore" ]
    },
    "settings": {
      "rarity": 3,
      "create": 2000,
      "maintain": 1000,
      "ticks": 90,
      "worldgen": true,
      "dimlet": true
    }
  },
  {
    "filter": {
      "type": "material",
      "mod": "thaumcraft",
      "name": [ "ore_amber", "ore_cinnabar" ]
    },
    "settings": {
      "rarity": 3,
      "create": 2000,
      "maintain": 1000,
      "ticks": 90,
      "worldgen": true,
      "dimlet": true
    }
  },
  {
    "filter": {
      "type": "material",
      "mod": "thaumcraft",
      "name": [ "log", "stone", "translucent" ]
    },
    "settings": {
      "rarity": 4,
      "create": 4000,
      "maintain": 3000,
      "ticks": 200,
      "worldgen": true,
      "dimlet": true
    }
  },
  {
    "filter": {
      "type": "material",
      "name": [ "dirt", "cobblestone", "stonebrick", "red_sandstone", "sandstone", "nether_brick", "netherrack" ]
    },
    "settings": {
      "rarity": 0,
      "create": 3,
      "maintain": 1,
      "ticks": 10,
      "worldgen": true,
      "dimlet": true
    }
  },
  {
    "filter": {
      "type": "material",
      "name": "end_stone"
    },
    "settings": {
      "rarity": 4,
      "create": 1000,
      "maintain": 1000,
      "ticks": 100,
      "worldgen": true,
      "dimlet": true
    }
  },
  {
    "filter": {
      "type": "material",
      "name": "bedrock"
    },
    "settings": {
      "rarity": 4,
      "create": 1000,
      "maintain": 300,
      "ticks": 50,
      "worldgen": true,
      "dimlet": true
    }
  },
  {
    "filter": {
      "type": "material",
      "name": [ "stained_glass", "glass", "packed_ice" ]
    },
    "settings": {
      "rarity": 3,
      "create": 100,
      "maintain": 100,
      "ticks": 50,
      "worldgen": true,
      "dimlet": true
    }
  },
  {
    "filter": {
      "type": "material",
      "name": "wool"
    },
    "settings": {
      "rarity": 4,
      "create": 300,
      "maintain": 500,
      "ticks": 100,
      "worldgen": true,
      "dimlet": true
    }
  },
  {
    "filter": {
      "type": "material",
      "name": [ "stained_hardened_clay", "hardened_clay", "clay" ]
    },
    "settings": {
      "rarity": 2,
      "create": 100,
      "maintain": 100,
      "ticks": 50,
      "worldgen": true,
      "dimlet": true
    }
  },
  {
    "filter": {
      "type": "material",
      "name": "slime_block"
    },
    "settings": {
      "rarity": 5,
      "create": 1000,
      "maintain": 1000,
      "ticks": 500,
      "worldgen": false,
      "dimlet": true
    }
  },
  {
    "filter": {
      "type": "material",
      "name": [ "log2", "log", "planks", "prismarine", "purpur_block", "end_bricks" ]
    },
    "settings": {
      "rarity": 2,
      "create": 100,
      "maintain": 100,
      "ticks": 50,
      "worldgen": true,
      "dimlet": true
    }
  },
  {
    "filter": {
      "mod": "rftoolsdim",
      "type": "material",
      "name": "dimensional_.*_block"
    },
    "settings": {
      "rarity": 3,
      "create": 200,
      "maintain": 100,
      "ticks": 50,
      "worldgen": true,
      "dimlet": true
    }
  },
  {
    "filter": {
      "type": "material",
      "name": [ "diamond_ore", "emerald_ore", "dimensional_shard_ore", "glowstone" ]
    },
    "settings": {
      "rarity": 5,
      "create": 40000,
      "maintain": 10000,
      "ticks": 800,
      "worldgen": true,
      "dimlet": true
    }
  },
  {
    "filter": {
      "type": "material",
      "name": [ "gold_ore", "lapis_ore", "quartz_ore" ]
    },
    "settings": {
      "rarity": 4,
      "create": 20000,
      "maintain": 3500,
      "ticks": 400,
      "worldgen": true,
      "dimlet": true
    }
  },
  {
    "filter": {
      "type": "material",
      "name": [ "iron_ore", "coal_ore", "redstone_ore" ]
    },
    "settings": {
      "rarity": 3,
      "create": 8000,
      "maintain": 1400,
      "ticks": 300,
      "worldgen": true,
      "dimlet": true
    }
  },
  {
    "filter": {
      "type": "material",
      "name": ".*_ore"
    },
    "settings": {
      "rarity": 4,
      "create": 2000,
      "maintain": 1000,
      "ticks": 500,
      "worldgen": true,
      "dimlet": true
    }
  },
  {
    "filter": {
      "type": "material",
      "name": [ "diamond_block", "emerald_block" ]
    },
    "settings": {
      "rarity": 5,
      "create": 80000,
      "maintain": 20000,
      "ticks": 1000,
      "worldgen": true,
      "dimlet": true
    }
  },
  {
    "filter": {
      "type": "material",
      "name": [ "gold_block", "lapis_block", "quartz_block", "obsidian" ]
    },
    "settings": {
      "rarity": 5,
      "create": 30000,
      "maintain": 9000,
      "ticks": 500,
      "worldgen": true,
      "dimlet": true
    }
  },
  {
    "filter": {
      "type": "material",
      "name": [ "iron_block", "redstone_block", "coal_block" ]
    },
    "settings": {
      "rarity": 4,
      "create": 15000,
      "maintain": 6000,
      "ticks": 300,
      "worldgen": true,
      "dimlet": true
    }
  },
  {
    "filter": {
      "type": "material"
    },
    "settings": {
      "worldgen": false,
      "dimlet": false
    }
  },
  {
    "filter": {
      "type": "liquid",
      "name": "water"
    },
    "settings": {
      "rarity": 0,
      "create": 10,
      "maintain": 10,
      "ticks": 10,
      "worldgen": true,
      "dimlet": true
    }
  },
  {
    "filter": {
      "type": "liquid",
      "mod": "tconstruct",
      "name": [ "molten_knightslime", "purpleslime" ]
    },
    "settings": {
      "worldgen": false,
      "dimlet": false
    }
  },
  {
    "filter": {
      "type": "liquid",
      "mod": [ "pneumaticcraft", "buildcraft|energy", "tconstruct" ]
    },
    "settings": {
      "rarity": 5,
      "create": 3000,
      "maintain": 3000,
      "ticks": 100,
      "worldgen": true,
      "dimlet": true
    }
  },
  {
    "filter": {
      "type": "liquid",
      "mod": "thaumcraft",
      "name": "purifying_fluid"
    },
    "settings": {
      "rarity": 5,
      "create": 4000,
      "maintain": 4000,
      "ticks": 500,
      "worldgen": false,
      "dimlet": true
    }
  },
  {
    "filter": {
      "type": "liquid",
      "mod": "thaumcraft"
    },
    "settings": {
      "rarity": 3,
      "create": 1000,
      "maintain": 800,
      "ticks": 50,
      "worldgen": true,
      "dimlet": true
    }
  },
  {
    "filter": {
      "type": "liquid",
      "mod": "biomesoplenty"
    },
    "settings": {
      "rarity": 3,
      "create": 1000,
      "maintain": 500,
      "ticks": 50,
      "worldgen": true,
      "dimlet": true
    }
  },
  {
    "filter": {
      "type": "liquid",
      "name": "lava"
    },
    "settings": {
      "rarity": 5,
      "create": 3000,
      "maintain": 2000,
      "ticks": 100,
      "worldgen": true,
      "dimlet": true
    }
  },
  {
    "filter": {
      "type": "liquid",
      "name": "water"
    },
    "settings": {
      "rarity": 0,
      "create": 10,
      "maintain": 5,
      "ticks": 5,
      "worldgen": true,
      "dimlet": true
    }
  },
  {
    "filter": {
      "type": "liquid"
    },
    "settings": {
      "rarity": 5,
      "create": 10000,
      "maintain": 10000,
      "ticks": 1000,
      "worldgen": false,
      "dimlet": true
    }
  },
  {
    "filter": {
      "type": "mob",
      "name": "Default"
    },
    "settings": {
      "rarity": 0,
      "create": 100,
      "maintain": 1,
      "ticks": 100,
      "worldgen": true,
      "dimlet": true
    }
  },
  {
    "filter": {
      "type": "mob",
      "mod": "BiomesOPlenty"
    },
    "settings": {
      "rarity": 3,
      "create": 2000,
      "maintain": 1000,
      "ticks": 400,
      "worldgen": true,
      "dimlet": true
    }
  },
  {
    "filter": {
      "type": "mob",
      "mod": "tconstruct"
    },
    "settings": {
      "rarity": 5,
      "create": 2000,
      "maintain": 1000,
      "ticks": 400,
      "worldgen": true,
      "dimlet": true
    }
  },
  {
    "filter": {
      "type": "mob",
      "mod": [ "PneumaticCraft", "BuildCraft|Robotics" ]
    },
    "settings": {
      "worldgen": false,
      "dimlet": false
    }
  },
  {
    "filter": {
      "type": "mob",
      "mod": "Thaumcraft",
      "name": "Turret.*"
    },
    "settings": {
      "worldgen": false,
      "dimlet": false
    }
  },
  {
    "filter": {
      "type": "mob",
      "mod": "Thaumcraft",
      "name": [ "BrainyZombie", "Tainted.*"]
    },
    "settings": {
      "rarity": 4,
      "create": 4000,
      "maintain": 5000,
      "ticks": 700,
      "worldgen": true,
      "dimlet": true
    }
  },
  {
    "filter": {
      "type": "mob",
      "mod": "Thaumcraft"
    },
    "settings": {
      "rarity": 5,
      "create": 4000,
      "maintain": 5000,
      "ticks": 700,
      "worldgen": true,
      "dimlet": true
    }
  },
  {
    "filter": {
      "type": "mob",
      "name": [ "Spider", "Skeleton", "Zombie", "CaveSpider", "LavaSlime", "Endermite", "Creeper", "Silverfish" ]
    },
    "settings": {
      "rarity": 2,
      "create": 300,
      "maintain": 100,
      "ticks": 200,
      "worldgen": true,
      "dimlet": true
    }
  },
  {
    "filter": {
      "type": "mob",
      "name": [ "EntityHorse", "SnowMan", "MushroomCow", "Chicken", "Rabbit", "Squid", "Ozelot", "Cow", "Slime", "Pig", "Bat", "Wolf", "Sheep" ]
    },
    "settings": {
      "rarity": 3,
      "create": 500,
      "maintain": 200,
      "ticks": 300,
      "worldgen": true,
      "dimlet": true
    }
  },
  {
    "filter": {
      "type": "mob",
      "name": [ "Blaze", "Ghast", "PigZombie", "Witch" ]
    },
    "settings": {
      "rarity": 3,
      "create": 6000,
      "maintain": 3000,
      "ticks": 700,
      "worldgen": true,
      "dimlet": true
    }
  },
  {
    "filter": {
      "type": "mob",
      "name": [ "Enderman", "VillagerGolem", "Villager", "Guardian" ]
    },
    "settings": {
      "rarity": 4,
      "create": 10000,
      "maintain": 5000,
      "ticks": 800,
      "worldgen": true,
      "dimlet": true
    }
  },
  {
    "filter": {
      "type": "mob",
      "name": "WitherBoss"
    },
    "settings": {
      "rarity": 6,
      "create": 8000,
      "maintain": 8000,
      "ticks": 900,
      "worldgen": true,
      "dimlet": true
    }
  },
  {
    "filter": {
      "type": "mob",
      "name": "EnderDragon"
    },
    "settings": {
      "rarity": 6,
      "create": 10000,
      "maintain": 10000,
      "ticks": 900,
      "worldgen": false,
      "dimlet": true
    }
  },
  {
    "filter": {
      "type": "mob"
    },
    "settings": {
      "rarity": 5,
      "create": 1000,
      "maintain": 1000,
      "ticks": 200,
      "worldgen": false,
      "dimlet": true
    }
  },
  {
    "filter": {
      "type": "patreon"
    },
    "settings": {
      "rarity": 2,
      "create": 10,
      "maintain": 0,
      "ticks": 1,
      "worldgen": false,
      "dimlet": true
    }
  },
  {
    "filter": {
      "type": "sky"
    },
    "settings": {
      "rarity": 0,
      "create": 100,
      "maintain": 1,
      "ticks": 1,
      "worldgen": true,
      "dimlet": true
    }
  },
  {
    "filter": {
      "type": "structure"
    },
    "settings": {
      "rarity": 3,
      "create": 600,
      "maintain": 100,
      "ticks": 900,
      "worldgen": true,
      "dimlet": true
    }
  },
  {
    "filter": {
      "type": "terrain"
    },
    "settings": {
      "rarity": 0,
      "create": 100,
      "maintain": 1,
      "ticks": 1,
      "worldgen": true,
      "dimlet": true
    }
  },
  {
    "filter": {
      "type": "time"
    },
    "settings": {
      "rarity": 2,
      "create": 300,
      "maintain": 20,
      "ticks": 10,
      "worldgen": true,
      "dimlet": true
    }
  },
  {
    "filter": {
      "type": "weather"
    },
    "settings": {
      "rarity": 1,
      "create": 100,
      "maintain": 50,
      "ticks": 10,
      "worldgen": true,
      "dimlet": true
    }
  },
  {
    "filter": {
      "type": "special"
    },
    "settings": {
      "rarity": 5,
      "create": 1000,
      "maintain": 1000,
      "ticks": 1000,
      "worldgen": false,
      "dimlet": true
    }
  },
  {
    "filter": {
      "type": "feature",
      "name": "OresAPlenty"
    },
    "settings": {
      "rarity": 5,
      "create": 10000,
      "maintain": 20000,
      "ticks": 1000,
      "worldgen": true,
      "dimlet": true
    }
  },
  {
    "filter": {
      "type": "feature"
    },
    "settings": {
      "rarity": 0,
      "create": 100,
      "maintain": 1,
      "ticks": 1,
      "worldgen": true,
      "dimlet": true
    }
  },
  {
    "filter": {
      "type": "effect"
    },
    "settings": {
      "rarity": 3,
      "create": 200,
      "maintain": 0,
      "ticks": 100,
      "worldgen": true,
      "dimlet": true
    }
  },
  {
    "filter": {
      "type": "biome",
      "name": "minecraft:sky"
    },
    "settings": {
      "rarity": 5,
      "create": 5000,
      "maintain": 10000,
      "ticks": 100,
      "worldgen": false,
      "dimlet": true
    }
  },
  {
    "filter": {
      "type": "biome"
    },
    "settings": {
      "rarity": 1,
      "create": 100,
      "maintain": 0,
      "ticks": 1,
      "worldgen": true,
      "dimlet": true
    }
  },
  {
    "filter": {
      "type": "controller"
    },
    "settings": {
      "rarity": 1,
      "create": 100,
      "maintain": 0,
      "ticks": 1,
      "worldgen": true,
      "dimlet": true
    }
  },
  {
    "settings": {
      "rarity": 0,
      "create": 10,
      "maintain": 10,
      "ticks": 10,
      "worldgen": true,
      "dimlet": true
    }
  }
]